City_ID,City,Lat,Lng,Max Temp,Humidity,Cloudiness,Wind Speed,Country,Date
0,anadyr,64.75,177.4833,10.76,85,98,2.24,RU,1713816165
1,port-aux-francais,-49.35,70.2167,42.96,78,98,24.79,TF,1713816165
2,kondoa,-4.9,35.7833,63.82,96,100,3.38,TZ,1713816165
3,adamstown,-25.066,-130.1015,72.57,76,74,25.75,PN,1713816165
4,albany,42.6001,-73.9662,50.14,32,0,8.84,US,1713816165
5,nova sintra,14.8667,-24.7167,73.26,72,72,12.17,CV,1713816166
6,grytviken,-54.2811,-36.5092,32.74,78,56,27.2,GS,1713816166
7,kingscliff,-28.2667,153.5667,66.04,87,82,7.23,AU,1713816166
8,codrington,-38.2667,141.9667,54.28,43,100,12.93,AU,1713816166
9,tura,25.5198,90.2201,75.78,41,18,5.37,IN,1713816166
10,bamboo flat,11.7,92.7167,80.96,81,60,7.81,IN,1713816167
11,porto novo,6.4965,2.6036,84.42,79,13,9.71,BJ,1713816167
12,sao fidelis,-21.6461,-41.7469,76.51,82,0,1.83,BR,1713816167
13,edinburgh of the seven seas,-37.0676,-12.3116,63.54,84,67,24.85,SH,1713816167
14,margaret river,-33.95,115.0667,56.34,54,100,8.75,AU,1713816167
15,la passe,45.5549,-0.8967,45.61,69,49,8.34,FR,1713816167
16,puerto natales,-51.7236,-72.4875,44.69,72,46,7.85,CL,1713816168
17,port alfred,-33.5906,26.891,66.09,80,94,11.12,ZA,1713816168
18,puerto deseado,-47.7503,-65.8938,52.63,61,11,17.52,AR,1713816168
19,constantia,44.1833,28.65,49.51,82,56,2.82,RO,1713816168
20,shchastya,48.7396,39.2323,56.28,45,71,3.2,UA,1713816168
21,magadan,59.5667,150.8,24.28,81,70,3.38,RU,1713816169
22,yellowknife,62.456,-114.3525,36.72,69,100,11.59,CA,1713816039
23,udachny,66.4167,112.4,26.49,97,100,4.5,RU,1713816169
24,stanley,54.868,-1.6985,43.83,95,99,9.53,GB,1713816169
25,port lincoln,-34.7333,135.8667,61.39,48,99,9.86,AU,1713816169
26,ribeira grande,38.5167,-28.7,59.05,86,100,20.94,PT,1713816169
27,ilulissat,69.2167,-51.1,34.75,98,100,4.03,GL,1713816170
28,west island,-12.1568,96.8225,80.92,83,100,21.56,CC,1713816170
29,thompson,55.7435,-97.8558,35.42,99,100,8.75,CA,1713816170
30,arklow,52.7931,-6.1414,50.72,79,100,10.63,IE,1713816170
31,siteki,-26.45,31.95,68.59,49,17,4.56,SZ,1713816170
32,college,64.8569,-147.8028,41.07,82,96,2.33,US,1713815920
33,brush,40.2589,-103.6238,74.82,20,70,3.15,US,1713816171
34,heroica caborca,30.7167,-112.15,93.61,10,0,10.16,MX,1713816171
35,mili,6.0815,171.735,82.74,83,100,17.49,MH,1713816171
36,tazovsky,67.4667,78.7,0.59,98,82,9.91,RU,1713816171
37,jamestown,42.097,-79.2353,51.84,45,2,12.03,US,1713816172
38,malabar,-33.9667,151.25,61.77,77,0,11.5,AU,1713816172
39,malvan,16.0667,73.4667,82.76,74,0,14.27,IN,1713816172
40,fort stockton,30.894,-102.8793,76.77,36,0,13.65,US,1713816172
41,mount gambier,-37.8333,140.7667,52.81,43,99,7.7,AU,1713816088
42,isangel,-19.55,169.2667,80.17,89,19,4.63,VU,1713816173
43,waitangi,-43.9535,-176.5597,52.47,67,67,36.24,NZ,1713816173
44,maile,-38.9466,-72.3727,48.81,90,100,6.22,CL,1713816173
45,kodiak,57.79,-152.4072,38.97,92,100,6.49,US,1713816173
46,kermit,31.8576,-103.0927,72.86,41,0,15.59,US,1713816173
47,bethel,41.3712,-73.414,57.15,31,17,6.87,US,1713816174
48,kone,-21.0595,164.8658,75.79,88,98,4.7,NC,1713816174
49,puerto ayora,-0.7393,-90.3518,80.2,75,84,12.41,EC,1713816174
50,mzimba,-11.9,33.6,61.92,88,4,6.15,MW,1713816174
51,kayangel,8.0823,134.7173,83.43,78,100,16.4,PW,1713816174
52,noumea,-22.2763,166.4572,75.4,87,80,13.51,NC,1713816175
53,pangody,65.85,74.4859,9.61,93,100,15.82,RU,1713816175
54,badger,64.8,-147.5333,42.89,78,96,2.13,US,1713816175
55,mount isa,-20.7333,139.5,67.08,62,80,12.68,AU,1713816029
56,nouadhibou,20.931,-17.0347,65.84,82,1,22.88,MR,1713816175
57,chinde,26.8418,88.0763,66.42,32,76,5.59,NP,1713816175
58,new norfolk,-42.7826,147.0587,44.8,100,100,2.95,AU,1713816176
59,north bend,43.4065,-124.2243,61.95,43,82,14.18,US,1713816176
60,howrah,22.5892,88.3103,90.01,36,100,4.94,IN,1713816176
61,roma,43.2128,-75.4557,51.01,39,1,7.67,US,1713816004
62,mogadishu,2.0371,45.3438,83.95,74,93,11.01,SO,1713815919
63,polyarnyy,69.1989,33.4478,18.73,79,99,17.45,RU,1713816176
64,tiksi,71.6872,128.8694,9.93,96,100,10.89,RU,1713816177
65,howard springs,-12.497,131.047,71.73,69,61,5.08,AU,1713816177
66,luau,-10.7073,22.2247,73.38,68,85,2.39,AO,1713816177
67,wailua homesteads,22.0669,-159.378,72.48,62,48,13.35,US,1713816091
68,ushuaia,-54.8,-68.3,36.7,100,100,4.45,AR,1713816177
69,bilibino,68.0546,166.4372,10.4,93,100,1.97,RU,1713816178
70,khandyga,62.6667,135.6,27.59,86,100,4.25,RU,1713816178
71,kalach-na-donu,48.691,43.5264,57.54,49,0,6.22,RU,1713816178
72,papatowai,-46.5619,169.4708,53.46,55,100,11.5,NZ,1713816178
73,crane,31.3974,-102.3501,72.07,44,15,19.22,US,1713816178
74,presov,49.1667,21.25,34.77,81,82,1.66,SK,1713816179
75,gaiman,-43.2897,-65.4929,50.79,82,100,10.49,AR,1713816179
76,amos,48.5669,-78.1162,38.12,69,100,10.02,CA,1713816179
77,san juan de uraba,8.7592,-76.5297,81.14,80,95,10.27,CO,1713816179
78,hithadhoo,-0.6,73.0833,82.65,77,100,3.24,MV,1713816179
79,mitu,1.1983,-70.1733,83.05,71,100,4.12,CO,1713816001
80,bredasdorp,-34.5322,20.0403,61.2,91,98,0.49,ZA,1713816180
81,hawaiian paradise park,19.5933,-154.9731,74.17,72,28,12.15,US,1713816180
82,qaqortoq,60.7167,-46.0333,41.41,82,42,1.3,GL,1713816180
83,monteagudo,-19.8167,-63.9833,86.97,47,10,5.79,BO,1713816180
84,stephenville,32.2207,-98.2023,69.12,43,0,12.55,US,1713816180
85,alesund,62.4723,6.1549,38.44,89,100,11.81,NO,1713816181
86,minas de marcona,-15.2119,-75.1103,68.81,66,25,18.05,PE,1713816181
87,hermanus,-34.4187,19.2345,62.28,86,100,3.24,ZA,1713816181
88,whitehorse,60.7161,-135.0538,44.58,55,89,4.43,CA,1713816181
89,mar del plata,-38.0023,-57.5575,58.08,68,92,17.81,AR,1713815999
90,nadym,65.5333,72.5167,12.36,91,100,21.41,RU,1713816182
91,iqaluit,63.7506,-68.5145,15.67,83,12,10.6,CA,1713816182
92,bardai,11.65,7.2333,91.06,28,74,7.45,NG,1713816182
93,felege neway,6.3,36.8833,67.66,80,60,2.48,ET,1713816182
94,geraldton,-28.7667,114.6,63.79,59,100,20.94,AU,1713816182
95,malango,-2.9627,119.9001,68.54,99,100,2.08,ID,1713816183
96,bhimbar,32.9757,74.0793,73.85,37,18,4.68,PK,1713816183
97,walvis bay,-22.9575,14.5053,67.51,64,0,15.37,NA,1713816183
98,anshun,26.25,105.9333,56.93,88,100,9.8,CN,1713816183
99,jayapura,-2.5333,140.7,71.01,92,100,4.72,ID,1713816183
100,kamina,-8.7386,24.9906,67.33,88,16,2.39,CD,1713816183
101,kavieng,-2.5744,150.7967,82.6,76,18,6.11,PG,1713816184
102,cova figueira,14.8905,-24.2934,62.22,77,90,12.46,CV,1713816184
103,yulinshi,38.2906,109.7494,46.45,40,0,7.34,CN,1713816184
104,santiago de cuba,20.0247,-75.8219,87.42,52,22,7.76,CU,1713816184
105,mikun',62.3547,50.0771,26.92,83,100,10.67,RU,1713816184
106,vila franca do campo,37.7167,-25.4333,62.76,85,100,5.79,PT,1713816185
107,hamilton,39.1834,-84.5333,60.82,32,1,6.26,US,1713816185
108,uturoa,-16.7333,-151.4333,82.63,75,59,7.9,PF,1713816185
109,diu,20.7141,70.9822,78.17,65,0,12.75,IN,1713816185
110,sakiai,54.9547,23.0358,31.68,98,100,15.14,LT,1713816185
111,port saint john's,-31.6229,29.5448,72.91,91,67,6.76,ZA,1713816185
112,bayanhongor,46.7167,100.1167,29.01,44,19,2.48,MN,1713816186
113,mufumbwe,-13.6833,24.8,66.29,51,6,4.68,ZM,1713816186
114,kimbe,-5.5502,150.1429,76.12,92,79,2.95,PG,1713816186
115,klyuchi,52.2667,79.1667,47.61,47,1,7.87,RU,1713816186
116,sanaa,15.3547,44.2067,69.87,47,96,7.11,YE,1713816187
117,palmer,42.1584,-72.3287,54.05,25,0,7.43,US,1713816187
118,colonia,50.9333,6.95,41.02,82,99,4.09,DE,1713816187
119,lompoc,34.6391,-120.4579,63.16,72,7,7.18,US,1713815899
120,bikenibeu village,1.3673,173.1241,83.89,78,39,13.22,KI,1713816187
121,dudinka,69.4058,86.1778,-6.63,98,82,7.52,RU,1713816187
122,sitka,57.0531,-135.33,47.97,62,100,2.15,US,1713816188
123,kish,26.5578,54.0194,79.09,65,39,12.35,IR,1713816188
124,atafu village,-8.5421,-172.5159,84.54,73,9,7.31,TK,1713816188
125,aasiaat,68.7098,-52.8699,33.13,90,100,6.42,GL,1713816188
126,enewetak,11.3474,162.3373,82.06,76,100,16.96,MH,1713816188
127,bagua grande,-5.7561,-78.4411,89.8,55,65,3.4,PE,1713816189
128,laojunmiao,39.8333,97.7333,45.45,18,2,6.85,CN,1713816189
129,amahai,-3.3333,128.9167,78.82,89,100,4.56,ID,1713816189
130,isafjordur,66.0755,-23.124,39.22,75,14,2.24,IS,1713816189
131,al hasakah,36.5024,40.7477,67.98,36,0,11.03,SY,1713816189
132,palikir - national government center,6.9248,158.1611,82.26,80,63,19.1,FM,1713816190
133,east london,-33.0153,27.9116,66.61,83,94,9.31,ZA,1713816190
134,saint-pierre,-21.3393,55.4781,77.56,86,4,3.71,RE,1713816190
135,tisaiyanvilai,8.3333,77.8833,84.76,73,100,3.36,IN,1713816190
136,casper,42.8666,-106.3131,61.48,24,4,8.77,US,1713815934
137,dishna,26.1247,32.476,81.72,15,54,6.13,EG,1713816190
138,tanout,14.9709,8.8879,91.45,27,100,8.01,NE,1713816191
139,nahiyat ash shinafiyah,31.5874,44.6602,81.18,17,0,12.39,IQ,1713816191
140,sao joao da barra,-21.6403,-41.0511,75.74,79,0,11.56,BR,1713816191
141,bamako,12.65,-8.0,96.19,22,48,6.98,ML,1713816005
142,blackmans bay,-43.0167,147.3167,49.26,87,100,5.53,AU,1713816191
143,bel ombre,-4.6167,55.4167,84.47,74,100,9.31,SC,1713816191
144,valley center,33.2184,-117.0342,71.65,52,68,8.14,US,1713816192
145,port elizabeth,-33.918,25.5701,61.93,90,42,4.12,ZA,1713816192
146,lerwick,60.1545,-1.1494,42.66,70,49,18.88,GB,1713816192
147,trashi yangtse,27.6116,91.498,57.88,95,100,0.76,BT,1713816192
148,port blair,11.6667,92.75,81.93,81,64,8.01,IN,1713816192
149,egilsstadir,65.2653,-14.3948,48.06,45,10,3.91,IS,1713816193
150,el calafate,-50.3408,-72.2768,42.55,66,4,5.19,AR,1713816193
151,fuerte olimpo,-21.0415,-57.8738,89.24,54,51,7.16,PY,1713816193
152,georgetown,5.4112,100.3354,82.9,78,94,1.7,MY,1713816054
153,nova vicosa,-17.8919,-39.3719,79.83,78,15,6.91,BR,1713816193
154,lihue,21.9789,-159.3672,73.18,61,28,14.52,US,1713816193
155,zalari,53.5584,102.5065,33.26,71,100,13.44,RU,1713816194
156,dunedin,-45.8742,170.5036,46.06,57,66,5.46,NZ,1713816018
157,antonio enes,-16.2325,39.9086,77.61,74,3,7.09,MZ,1713816194
158,aldinga beach,-35.2793,138.4604,61.93,52,100,11.27,AU,1713815970
159,zhanibek,49.4167,46.85,62.2,68,100,8.39,KZ,1713816194
160,victoria falls,-17.9235,25.843,67.44,40,0,2.84,ZW,1713816194
161,olonkinbyen,70.9221,-8.7187,26.01,66,0,13.18,SJ,1713816195
162,kalmunai,7.4167,81.8167,81.41,84,89,3.85,LK,1713816195
163,invercargill,-46.4,168.35,45.25,62,100,5.37,NZ,1713816195
164,ancud,-41.8697,-73.8203,50.9,78,100,7.76,CL,1713816195
165,toliara,-23.35,43.6667,71.4,71,0,9.22,MG,1713816195
166,kutum,14.2,24.6667,81.52,12,19,8.81,SD,1713816196
167,labasa,-16.4167,179.3833,80.94,87,81,0.89,FJ,1713816196
168,shubarshi,48.5872,57.1869,63.41,42,61,9.4,KZ,1713816196
169,borodianka,50.6448,29.9201,44.98,75,100,3.22,UA,1713816196
170,tual,-5.6667,132.75,83.73,78,100,4.47,ID,1713816196
171,antsiranana,-12.2787,49.2917,78.64,85,48,12.24,MG,1713816196
172,vilyuysk,63.7553,121.6247,28.83,99,100,1.79,RU,1713816197
173,ingeniero jacobacci,-41.3427,-69.5448,47.01,65,100,19.6,AR,1713816197
174,tromso,69.6496,18.957,19.0,79,20,9.44,NO,1713816197
175,nurlat,54.4277,50.8051,64.42,60,96,8.1,RU,1713816197
176,kasane,-17.8167,25.15,66.51,39,0,6.42,BW,1713816197
177,shetpe,44.1667,52.1167,68.02,47,69,7.52,KZ,1713816198
178,kiffa,16.6166,-11.4045,93.69,12,6,9.33,MR,1713816198
179,gaigeturi,33.4644,126.3183,59.7,85,94,19.33,KR,1713816198
180,general roca,-39.0333,-67.5833,58.98,60,88,13.38,AR,1713816198
181,dwarka,22.2394,68.9678,79.02,79,0,13.42,IN,1713816198
182,lajere,11.9797,11.4443,92.23,13,100,4.65,NG,1713816199
183,arraial do cabo,-22.9661,-42.0278,75.81,81,0,12.37,BR,1713816199
184,cabo san lucas,22.8909,-109.9124,78.57,52,0,11.79,MX,1713816178
185,turpan,42.9333,89.1667,71.87,15,0,2.73,CN,1713816199
186,malanje,-9.5402,16.341,67.95,86,100,1.77,AO,1713816200
187,thinadhoo,0.5333,72.9333,83.93,80,100,10.11,MV,1713816200
188,namibe,-15.1961,12.1522,76.6,75,21,4.07,AO,1713816200
189,changyon,38.2508,125.0961,57.9,67,100,4.81,KP,1713816200
190,mugia,43.1041,-9.2179,55.62,54,0,25.23,ES,1713816200
191,aykhal,66.0,111.5,22.01,96,100,6.8,RU,1713816201
192,iskateley,67.6803,53.1512,-0.26,100,64,5.86,RU,1713816201
193,wangdue phodrang,27.4862,89.8991,59.61,93,100,0.34,BT,1713816201
194,charleston,32.7766,-79.9309,65.93,39,93,12.95,US,1713815978
195,luang namtha,20.9497,101.4011,73.71,44,19,1.7,LA,1713816202
196,bamyan,34.75,67.25,35.51,74,64,3.98,AF,1713816202
197,segezha,63.7415,34.3222,33.82,97,100,14.43,RU,1713816202
198,broken hill,-31.95,141.4333,60.1,45,20,8.01,AU,1713816167
199,avarua,-21.2078,-159.775,78.28,68,65,12.68,CK,1713816203
200,portland,45.5234,-122.6762,61.48,36,37,5.73,US,1713815922
201,punta arenas,-53.15,-70.9167,45.3,79,100,14.0,CL,1713816203
202,tarawa,1.419,172.984,84.02,78,28,12.86,KI,1713816203
203,guanica,17.9716,-66.908,84.16,62,11,11.63,PR,1713816203
204,sukhobezvodnoye,57.0491,44.8891,55.72,96,100,4.85,RU,1713816204
205,kudahuvadhoo,2.6708,72.8944,84.81,77,100,11.95,MV,1713816204
206,urzhar,47.093,81.6294,58.62,63,0,12.26,KZ,1713816204
207,as samawah,31.332,45.2944,82.38,18,0,16.26,IQ,1713816204
208,tarnogskiy gorodok,60.4997,43.5761,50.29,84,100,11.97,RU,1713816204
209,bonthe,7.5264,-12.505,81.41,83,95,8.84,SL,1713816204
210,champerico,14.3,-91.9167,86.9,70,2,11.81,GT,1713816205
211,kirs,59.3388,52.2447,44.87,69,100,10.47,RU,1713816205
212,trinity beach,-16.7888,145.6968,73.71,83,99,9.62,AU,1713816205
213,prince albert,53.2001,-105.7677,50.16,65,100,12.82,CA,1713816205
214,lamu,-2.2717,40.902,81.45,86,28,13.62,KE,1713816205
215,kapa'a,22.0752,-159.319,73.44,63,47,14.58,US,1713816206
216,ola,59.5833,151.2833,23.13,84,72,4.21,RU,1713816206
217,afif,23.9065,42.9172,75.09,28,3,10.71,SA,1713816206
218,gebeit,21.0667,36.3167,73.54,25,0,6.38,SD,1713816206
219,lower hutt,-41.2167,174.9167,48.56,82,24,1.63,NZ,1713816206
220,tsiombe,-25.3,45.4833,66.9,87,14,4.29,MG,1713816207
221,deshnoke,27.8,73.35,85.44,19,51,5.73,IN,1713816207
222,saldanha,-33.0117,17.9442,58.96,93,100,2.64,ZA,1713816207
223,navojoa,27.1,-109.4333,97.32,15,0,14.25,MX,1713816207
224,mlyniv,50.509,25.6168,40.05,94,100,7.87,UA,1713816207
225,babayevo,59.3936,35.9371,46.71,86,14,8.28,RU,1713816208
226,mariakani,-3.8633,39.4736,76.39,90,100,11.54,KE,1713816208
227,pontianak,-0.0333,109.3333,78.19,92,99,0.83,ID,1713816208
228,lebu,-37.6167,-73.65,57.22,67,64,6.33,CL,1713816208
229,jiuquan,39.7432,98.5174,47.97,24,0,5.48,CN,1713816208
230,yung shue wan,22.2333,114.1167,78.57,91,13,8.46,HK,1713816209
231,fort mcmurray,56.7268,-111.381,61.32,28,100,6.87,CA,1713816209
232,st. john's,47.5649,-52.7093,46.31,59,98,12.35,CA,1713816209
233,sidney,-33.8679,151.2073,59.04,82,2,7.27,AU,1713816105
234,mejit,10.2753,170.8646,80.82,86,94,21.09,MH,1713816209
235,calvi,42.5,8.8333,45.64,85,100,2.98,FR,1713816210
236,road town,18.4167,-64.6167,79.38,81,16,13.89,VG,1713816210
237,sur,22.5667,59.5289,82.31,67,0,1.77,OM,1713816210
238,takab,36.4009,47.1133,50.5,74,100,3.38,IR,1713816210
239,petropavlovsk-kamchatsky,53.0452,158.6483,33.49,78,9,0.87,RU,1713815984
240,chavusy,53.8075,30.9712,41.5,77,100,13.6,BY,1713816211
241,la'ie,21.6477,-157.9253,73.87,63,3,15.55,US,1713816211
242,taroa,8.7058,171.2275,81.61,86,73,22.17,MH,1713816211
243,salinopolis,-0.6136,-47.3561,82.26,81,79,7.0,BR,1713816211
244,cutral-co,-38.9469,-69.2089,57.29,33,46,28.9,AR,1713816211
245,ryotsu-minato,38.0833,138.4333,51.55,85,88,0.36,JP,1713816212
246,loma de cabrera,19.4333,-71.6,83.19,57,87,11.45,DO,1713816212
247,tebingtinggi,3.3285,99.1625,76.53,98,83,2.39,ID,1713816212
248,ad dilam,23.9915,47.1627,83.52,26,0,16.33,SA,1713816212
249,ribeira brava,32.65,-17.0667,65.28,81,100,3.76,PT,1713816212
250,bandarbeyla,9.4942,50.8122,83.01,79,98,7.09,SO,1713816212
251,tolanaro,-25.0319,46.9987,69.8,81,0,2.1,MG,1713816213
252,cuenca,-2.8833,-78.9833,61.61,77,95,2.06,EC,1713816213
253,yaren,-0.5472,166.916,83.59,77,98,9.46,NR,1713816213
254,gadzhiyevo,69.2551,33.3362,18.88,79,100,17.13,RU,1713816213
255,hailar,49.2,119.7,39.78,62,98,18.01,CN,1713816213
256,yuzhno-kurilsk,44.0306,145.8556,35.49,98,100,6.11,RU,1713816214
257,coquimbo,-29.9533,-71.3436,63.03,80,0,8.7,CL,1713816214
258,aleg,17.0481,-13.9209,90.97,13,4,10.65,MR,1713816214
259,ebaye,8.7748,167.7392,82.0,84,14,17.45,MH,1713816214
260,south portland,43.6415,-70.2409,49.96,27,0,6.31,US,1713816214
261,fisterra,42.9049,-9.2629,57.92,49,2,22.1,ES,1713816215
262,san diego country estates,33.0067,-116.7836,71.53,51,72,8.55,US,1713816215
263,farafangana,-22.8167,47.8333,75.49,89,58,6.17,MG,1713816215
264,lukolela,-1.0605,17.1821,78.89,74,98,2.26,CD,1713816215
265,carnarvon,-24.8667,113.6333,74.55,38,100,17.81,AU,1713816215
266,usogorsk,63.4106,48.6872,24.46,82,100,12.68,RU,1713816215
267,port clinton,41.512,-82.9377,56.46,46,7,13.33,US,1713816216
268,santa terezinha,-29.9002,-50.0904,71.49,72,100,9.46,BR,1713816216
269,saint-joseph,-21.3667,55.6167,76.84,85,20,3.36,RE,1713816216
270,singaparna,-7.3515,108.111,73.74,99,99,2.75,ID,1713816216
271,nemuro,43.3236,145.575,36.79,94,100,10.92,JP,1713816216
272,talnakh,69.4865,88.3972,-8.43,88,87,1.36,RU,1713816217
273,hadibu,12.65,54.0333,82.89,80,49,5.3,YE,1713816217
274,faya-largeau,17.9257,19.1043,94.75,11,8,2.86,TD,1713816217
275,griffith,41.5284,-87.4237,63.73,27,94,13.42,US,1713816130
276,ciudad bolivar,8.1222,-63.5497,100.02,27,39,12.28,VE,1713816217
277,port mathurin,-19.6833,63.4167,80.51,83,100,16.75,MU,1713816217
278,westport,41.1415,-73.3579,55.35,38,14,2.66,US,1713816218
279,hovd,48.0056,91.6419,48.2,35,18,6.73,MN,1713816218
280,utrik,11.2278,169.8474,80.38,86,98,19.84,MH,1713816218
281,hakui,36.8833,136.7833,52.84,91,100,6.64,JP,1713816218
282,siquijor,9.2142,123.515,81.95,84,88,12.57,PH,1713816218
283,queenstown,-31.8976,26.8753,59.32,88,65,4.41,ZA,1713816218
284,chos malal,-37.3781,-70.2709,57.92,35,4,22.84,AR,1713816219
285,ndele,8.4109,20.6473,75.36,73,100,1.39,CF,1713816219
286,villamontes,-21.25,-63.5,84.58,53,99,5.75,BO,1713816219
287,olbia,40.9214,9.4856,44.28,67,0,8.61,IT,1713816219
288,fale old settlement,-9.3852,-171.2468,84.2,76,1,6.93,TK,1713816220
289,iwanai,42.9744,140.5089,41.72,91,100,4.65,JP,1713816220
290,afaahiti,-17.75,-149.2833,79.41,81,96,14.09,PF,1713816220
291,trail,49.0998,-117.7022,60.12,24,69,0.83,CA,1713816220
292,villa regina,-39.1,-67.0667,57.79,65,92,14.52,AR,1713816220
293,issoudun,47.0,1.8333,38.39,79,77,6.22,FR,1713816220
294,srandakan,-7.9386,110.2506,78.51,90,100,8.12,ID,1713816221
295,olutanga,7.3106,122.8464,83.82,75,80,4.25,PH,1713816221
296,boguchany,58.3814,97.4531,31.71,98,100,6.62,RU,1713816221
297,kosh-agach,50.0,88.6667,39.52,80,45,6.13,RU,1713816221
298,lorengau,-2.0226,147.2712,81.28,79,44,4.56,PG,1713816221
299,chonchi,-42.6128,-73.8092,50.67,76,100,2.15,CL,1713816222
300,samarinda,-0.5,117.15,77.4,92,100,0.25,ID,1713816018
301,kulhudhuffushi,6.6221,73.07,85.44,74,100,5.03,MV,1713816222
302,sarh,9.1429,18.3923,84.61,50,93,2.46,TD,1713816222
303,leninskoye,41.7589,69.3864,59.83,62,3,3.83,KZ,1713816222
304,georgiyevka,43.0369,74.7114,59.86,74,100,5.21,KZ,1713816222
305,zhuanghe,39.7008,122.9911,52.16,82,100,7.11,CN,1713816223
306,vernon,50.2581,-119.2691,56.12,32,71,4.99,CA,1713816223
307,urcos,-13.6861,-71.6228,65.03,54,99,7.85,PE,1713816223
308,hami,42.8,93.45,60.84,16,0,2.15,CN,1713816223
309,ponta delgada,37.7333,-25.6667,63.01,84,100,5.64,PT,1713816223
310,artemovskiy,57.3555,61.8686,40.5,68,33,10.29,RU,1713816224
311,ak-suu,42.4995,78.527,50.38,46,6,5.77,KG,1713816224
312,ceara mirim,-5.6344,-35.4256,82.0,78,96,10.45,BR,1713816224
313,garachico,28.7781,-17.7646,64.65,80,41,10.31,ES,1713816224
314,bugiri,0.5714,33.7417,68.04,90,100,3.74,UG,1713816224
315,satwas,22.5333,76.6833,85.46,39,1,5.82,IN,1713816225
316,hukumati azrah,34.1736,69.6457,41.5,63,100,1.92,AF,1713816225
317,rundu,-17.9333,19.7667,67.89,26,0,6.85,NA,1713816225
318,buba,11.5833,-15.0,78.53,55,29,11.05,GW,1713816225
319,andergrove,-21.0833,149.1833,74.98,78,16,20.13,AU,1713816225
320,manta,-0.95,-80.7333,83.48,73,100,2.98,EC,1713816034
321,akureyri,65.6835,-18.0878,42.33,60,0,3.51,IS,1713816226
322,labrador city,52.9463,-66.9114,9.23,75,100,19.04,CA,1713816226
323,gromitz,54.15,10.9667,36.21,72,100,9.35,DE,1713816226
324,ilam,26.9167,87.9167,69.62,35,39,6.51,NP,1713816226
325,rawson,-43.3002,-65.1023,50.72,85,100,8.01,AR,1713816226
326,parabel',58.6978,81.4825,14.23,65,94,17.47,RU,1713816226
327,sorong,-0.8833,131.25,78.76,87,100,4.88,ID,1713816227
328,rexburg,43.826,-111.7897,54.79,31,0,11.39,US,1713815967
329,orangeburg,33.4918,-80.8557,61.36,47,98,9.22,US,1713816227
330,prado,-17.3411,-39.2208,79.65,79,0,5.84,BR,1713816227
331,dryden,49.7833,-92.7503,62.02,31,100,9.8,CA,1713816227
332,sihanoukville,10.6093,103.5296,83.62,72,100,8.63,KH,1713816227
333,ust-nera,64.5667,143.2,23.45,98,100,2.17,RU,1713816228
334,kievka,50.2619,71.5514,55.4,59,0,8.12,KZ,1713816228
335,saint george's,12.0564,-61.7485,83.82,66,80,12.15,GD,1713816228
336,timbuktu,16.7735,-3.0074,95.65,21,1,3.71,ML,1713816228
337,reggane,26.7158,0.1714,79.32,22,0,10.76,DZ,1713816228
338,baiyin,36.5583,104.2081,43.54,22,92,2.06,CN,1713816229
339,oranjemund,-28.55,16.4333,61.18,92,89,4.74,NA,1713816229
340,lorica,9.2365,-75.8135,87.21,63,96,11.25,CO,1713816229
341,freetown,8.484,-13.2299,79.92,80,100,7.31,SL,1713816014
342,cidreira,-30.1811,-50.2056,71.58,71,100,7.85,BR,1713816229
343,san ramon de la nueva oran,-23.1322,-64.326,93.36,43,33,5.03,AR,1713816230
344,celestun,20.8667,-90.4,83.05,64,6,15.59,MX,1713816230
345,saipan,15.1355,145.701,81.68,77,15,15.48,MP,1713816230
346,mancio lima,-7.6142,-72.8958,83.19,90,72,2.8,BR,1713816230
347,taro,-8.3862,115.28,68.99,100,100,1.48,ID,1713816230
348,conception bay south,47.4999,-52.9981,45.77,58,99,14.72,CA,1713816230
349,murudeshwara,14.0943,74.4845,81.28,79,0,2.15,IN,1713816231
350,dapa,9.7594,126.0531,81.61,81,98,11.3,PH,1713816231
351,treasure island,27.7692,-82.769,71.76,55,0,17.96,US,1713816231
352,puerto aysen,-45.4,-72.7,50.7,78,98,3.65,CL,1713816205
353,montepuez,-13.1256,38.9997,68.2,93,84,3.83,MZ,1713816231
354,ballina,-28.8667,153.5667,69.04,77,36,10.92,AU,1713816232
355,mariehamn,60.0973,19.9348,31.33,79,100,24.92,AX,1713816232
356,tympaki,35.0729,24.7685,69.06,38,95,17.43,GR,1713816232
357,aitape,-3.1374,142.3475,78.44,84,100,5.23,PG,1713816232
358,juye,35.3947,116.0883,64.35,70,100,10.09,CN,1713816232
359,bodaybo,57.8506,114.1933,23.34,97,47,1.74,RU,1713816232
360,vilyuchinsk,52.9306,158.4028,34.05,79,9,2.59,RU,1713816233
361,corner brook,48.9667,-57.9484,38.05,82,100,14.38,CA,1713816233
362,vengurla,15.8667,73.6333,81.95,72,0,11.18,IN,1713816233
363,thunder bay,48.4001,-89.3168,59.41,38,100,14.43,CA,1713816035
364,anna regina,7.2644,-58.5077,84.72,67,48,9.08,GY,1713816234
365,hammerfest,70.6634,23.6821,20.48,82,3,10.98,NO,1713816234
366,oriximina,-1.7656,-55.8661,84.65,75,85,4.38,BR,1713816234
367,coxim,-18.5067,-54.76,87.03,58,34,5.5,BR,1713816234
368,jonesboro,35.8423,-90.7043,64.36,36,0,9.89,US,1713816234
369,petrovskaya,45.4314,37.955,52.02,69,0,6.64,RU,1713816234
370,imbituba,-28.24,-48.6703,69.91,80,100,4.09,BR,1713816235
371,kapuskasing,49.4169,-82.4331,52.54,49,94,5.3,CA,1713816235
372,parral,26.9333,-105.6667,76.64,29,0,9.86,MX,1713816235
373,makamba,-4.1348,29.804,64.26,93,69,2.19,BI,1713816235
374,vinogradovo,56.9333,37.55,46.44,72,100,14.07,RU,1713816235
375,happy valley-goose bay,53.3168,-60.3315,41.72,68,100,11.18,CA,1713816236
376,kruisfontein,-34.0033,24.7314,58.64,86,6,4.09,ZA,1713816236
377,ulladulla,-35.35,150.4667,56.68,70,0,6.17,AU,1713816236
378,puerto colombia,10.9878,-74.9547,83.52,75,56,14.5,CO,1713816236
379,arteche,12.2645,125.4048,79.25,88,100,6.69,PH,1713816236
380,san sebastian de la gomera,28.0916,-17.1133,68.83,73,17,11.14,ES,1713816237
381,bengkulu,-3.8004,102.2655,76.28,94,100,5.5,ID,1713816237
382,vadso,70.0744,29.7487,25.74,83,100,13.44,NO,1713816237
383,wake forest,35.9799,-78.5097,59.95,29,6,9.37,US,1713816237
384,remire-montjoly,4.9167,-52.2667,78.17,93,100,10.09,GF,1713816237
385,guapore,-28.8456,-51.8903,64.58,85,100,1.57,BR,1713816237
386,bodden town,19.2833,-81.25,80.89,74,22,7.45,KY,1713816238
387,eldorado,-23.7869,-54.2836,89.24,41,28,7.65,BR,1713816238
388,nema,57.5067,50.5011,55.9,79,100,10.09,RU,1713816238
389,fang,19.9169,99.2145,77.36,40,7,2.37,TH,1713816238
390,bratsk,56.1325,101.6142,29.43,87,100,13.11,RU,1713816238
391,baymak,52.5933,58.3225,61.34,52,0,2.68,RU,1713816239
392,davis,41.0005,-112.0013,58.75,46,18,4.03,US,1713816100
393,scottburgh,-30.2867,30.7532,72.81,86,82,6.02,ZA,1713816239
394,vorgashor,67.5833,63.95,-1.79,98,29,7.47,RU,1713816239
395,krasnaya gora,52.9995,31.6023,41.63,83,100,5.97,RU,1713816239
396,inari,68.906,27.0288,14.58,98,89,2.24,FI,1713816239
397,chirgaon,25.5833,78.8167,85.51,33,3,8.48,IN,1713816240
398,kabansk,52.0486,106.6528,26.15,95,99,4.36,RU,1713816240
399,fort st. john,56.2499,-120.8529,52.99,37,75,8.32,CA,1713816019
400,kerikeri,-35.2268,173.9474,53.96,83,2,4.99,NZ,1713816240
401,san julian,21.0167,-102.1667,86.11,13,19,12.03,MX,1713816240
402,pariaman,-0.619,100.12,78.96,90,100,3.36,ID,1713816241
403,khuzdar,27.7384,66.6434,69.76,22,11,3.58,PK,1713816241
404,pemangkat,1.1667,108.9667,80.85,85,99,0.09,ID,1713816241
405,susuman,62.7833,148.1667,17.11,100,97,1.14,RU,1713816241
406,mafeteng,-29.823,27.2374,59.4,56,97,1.48,LS,1713816235
407,quellon,-43.1167,-73.6167,50.97,73,100,2.24,CL,1713816241
408,jagodina,43.9814,21.2622,47.08,69,100,0.89,RS,1713816242
409,virginia,37.5481,-77.4467,61.48,26,5,6.2,US,1713816046
410,fort bragg,35.139,-79.006,61.7,30,68,11.65,US,1713816242
411,mirny,62.5353,113.9611,30.04,99,100,2.24,RU,1713816242
412,hasaki,35.7333,140.8333,60.89,72,99,16.31,JP,1713816243
413,rakops,-21.0167,24.3333,75.4,25,0,5.3,BW,1713816243
414,candelaria,13.9311,121.4233,76.39,96,6,2.57,PH,1713816243
415,haiku-pauwela,20.9219,-156.3051,73.02,68,9,12.17,US,1713816243
416,estacion coahuila,32.1939,-115.0017,94.21,14,5,15.84,MX,1713816243
417,san patricio,28.017,-97.5169,71.51,57,100,10.27,US,1713816244
418,sioux center,43.0797,-96.1756,65.41,47,100,14.14,US,1713816244
419,santo antonio,-6.3106,-35.4789,80.64,81,100,9.44,BR,1713816244
420,puerto baquerizo moreno,-0.9,-89.6,76.69,85,49,10.69,EC,1713816244
421,masterton,-40.9597,175.6575,43.99,91,1,2.71,NZ,1713816244
422,brookings,44.3114,-96.7984,62.2,43,100,11.79,US,1713816064
423,lohja,60.2486,24.0653,31.93,90,100,10.58,FI,1713816245
424,kailua-kona,19.6406,-155.9956,78.51,58,1,2.13,US,1713816006
425,quiindy,-25.9667,-57.2667,86.04,63,52,5.3,PY,1713816245
426,keflavik,64.0049,-22.5624,43.29,69,21,1.68,IS,1713816245
427,labytnangi,66.6572,66.4183,5.5,87,82,6.78,RU,1713816245
428,lata,40.1629,-8.3327,55.35,58,6,6.11,PT,1713816245
429,viqueque,-8.8673,126.3658,73.69,88,96,2.8,TL,1713816246
430,cidade velha,14.9167,-23.6167,73.8,69,100,5.97,CV,1713816246
431,necochea,-38.5473,-58.7368,59.16,61,100,17.49,AR,1713816246
432,touros,-5.1989,-35.4608,82.71,78,80,10.63,BR,1713816246
433,marshall,34.3834,-86.3333,64.09,34,0,4.88,US,1713816247
434,wabag,-5.4781,143.7021,53.22,98,73,2.8,PG,1713816247
435,patterson,37.4716,-121.1297,81.36,42,4,4.76,US,1713816247
436,jiujiang,29.7333,115.9833,64.6,93,100,6.85,CN,1713816020
437,betio village,1.358,172.9211,83.91,78,27,12.88,KI,1713816247
438,bubaque,11.2833,-15.8333,76.91,73,29,17.9,GW,1713816247
439,jangaon,17.7167,79.1833,86.76,37,3,6.42,IN,1713816248
440,kodinsk,58.6881,99.1844,29.82,99,100,3.0,RU,1713816248
441,ixtapa,20.7,-105.2,92.82,25,0,9.1,MX,1713816248
442,abashiri,44.0213,144.2697,35.47,98,100,4.76,JP,1713816248
443,vetapalem,15.7833,80.3167,83.3,81,14,11.45,IN,1713816248
444,richards bay,-28.783,32.0377,72.61,94,100,7.45,ZA,1713816249
445,acajutla,13.5928,-89.8275,86.34,69,13,11.97,SV,1713816249
446,kourou,5.1552,-52.6478,76.24,97,100,5.01,GF,1713816249
447,kardla,58.9978,22.7492,34.65,96,100,16.55,EE,1713816249
448,polokwane,-23.9045,29.4688,66.87,40,5,2.3,ZA,1713816250
449,nar'yan-mar,67.6713,53.087,-0.15,100,65,5.97,RU,1713816250
450,guiuan,11.0333,125.7247,83.48,78,100,14.5,PH,1713816250
451,flying fish cove,-10.4217,105.6791,81.14,84,100,19.93,CX,1713816250
452,nuku'alofa,-21.1333,-175.2,79.16,76,100,13.82,TO,1713816250
453,moyynkum,44.2914,72.9469,63.01,35,100,9.86,KZ,1713816251
454,leh,34.1667,77.5833,17.53,70,36,3.29,IN,1713816251
455,juybar,36.6412,52.9124,62.15,81,100,7.43,IR,1713816251
456,revda,56.801,59.9303,47.37,72,41,11.12,RU,1713816251
457,sechura,-5.5569,-80.8222,82.62,59,33,13.56,PE,1713816251
458,puerto penasco,31.3167,-113.5333,75.49,54,2,10.09,MX,1713816252
459,peace river,56.2501,-117.286,61.54,26,54,9.24,CA,1713816252
460,berezovyy,51.6667,135.7,32.02,84,80,1.57,RU,1713816252
461,golyshmanovo,56.3979,68.3728,35.24,67,55,12.53,RU,1713816252
462,luganville,-15.5333,167.1667,80.1,88,15,1.52,VU,1713816252
463,bathsheba,13.2167,-59.5167,84.33,65,10,13.94,BB,1713816253
464,wacheng,33.7833,114.5167,61.5,78,100,7.92,CN,1713816253
465,nueve de julio,-35.4444,-60.8831,60.06,94,100,9.69,AR,1713816253
466,alaghsas,17.0187,8.0168,91.92,12,2,6.98,NE,1713816253
467,sungai penuh,-2.0833,101.3833,67.77,97,100,2.46,ID,1713816253
468,kingston,17.997,-76.7936,86.72,57,7,7.25,JM,1713816046
469,port macquarie,-31.4333,152.9167,62.31,77,71,5.08,AU,1713816254
470,igarka,67.4667,86.5833,-1.44,96,42,9.53,RU,1713816254
471,itajuba,-22.4256,-45.4528,69.17,68,0,1.59,BR,1713816254
472,la tuque,47.4334,-72.7824,41.16,24,100,11.39,CA,1713816254
473,kerman,30.2832,57.0788,55.36,74,100,14.76,IR,1713816255
474,islamkot,24.6997,70.177,79.95,57,0,16.2,PK,1713816255
475,new mirpur,33.1418,73.7674,70.81,44,0,4.68,PK,1713816255
476,nampula,-15.1165,39.2666,66.24,94,1,2.82,MZ,1713816255
477,bunia,1.5667,30.25,67.28,85,72,3.42,CD,1713816021
478,mount darwin,-16.7725,31.5838,61.54,51,0,2.53,ZW,1713816256
479,upington,-28.4478,21.2561,73.98,28,11,7.45,ZA,1713816256
480,diebougou,10.9667,-3.25,88.0,47,49,7.49,BF,1713816256
481,kiunga,-6.1219,141.2906,73.92,99,80,1.36,PG,1713816256
482,houghton,47.1219,-88.569,59.61,35,100,13.91,US,1713816256
483,mora,11.0461,14.1401,94.84,29,98,5.95,CM,1713816257
484,nizhnesortymskiy,62.4397,71.7603,12.15,91,96,16.58,RU,1713816257
485,hegang,47.4,130.3667,47.21,80,96,2.93,CN,1713816033
486,emerald,-23.5333,148.1667,62.4,80,5,14.63,AU,1713816224
487,qandala,11.472,49.8728,86.34,64,67,3.49,SO,1713816257
488,holualoa,19.6228,-155.9522,75.15,58,7,2.71,US,1713816257
489,balykshi,47.0667,51.8667,75.07,21,100,4.83,KZ,1713816258
490,coari,-4.085,-63.1414,83.64,77,92,1.81,BR,1713816258
491,at taj,24.2049,23.2857,83.25,13,99,12.86,LY,1713816258
492,kattivakkam,13.2167,80.3167,81.91,81,30,9.13,IN,1713816258
493,markovo,57.3206,107.0881,34.2,100,100,1.45,RU,1713816258
494,jaraiz de la vera,40.0601,-5.7543,49.78,43,0,7.2,ES,1713816259
495,ulubey,40.8721,37.7588,49.62,77,100,4.05,TR,1713816259
496,puri,19.8,85.85,82.62,67,93,7.85,IN,1713816259
497,jerez de la frontera,36.6865,-6.1361,61.45,86,27,5.14,ES,1713816259
498,buala,-8.145,159.5921,81.23,82,66,1.74,SB,1713816259
499,carloforte,39.145,8.3058,53.22,59,5,21.34,IT,1713816260
500,puerto yuca,2.9383,-73.2083,73.24,99,100,3.29,CO,1713816260
501,alice springs,-23.7,133.8833,59.88,63,0,3.38,AU,1713816260
502,burhaniye,39.5004,26.9727,63.82,66,100,5.84,TR,1713816260
503,acapulco de juarez,16.8634,-99.8901,82.06,50,0,10.89,MX,1713816260
504,chardara,41.2547,67.9692,70.97,53,10,8.1,KZ,1713816261
505,nadi,-17.8,177.4167,81.45,84,100,4.7,FJ,1713816261
506,nabire,-3.3667,135.4833,76.78,91,95,2.15,ID,1713816261
507,tazacorte,28.629,-17.9293,68.76,69,46,3.91,ES,1713816261
508,kunduz,36.75,68.75,68.54,52,49,3.31,AF,1713816262
509,elko,41.0002,-115.5012,66.16,28,99,7.81,US,1713816050
510,opuwo,-18.0607,13.84,72.73,27,1,6.17,NA,1713816262
511,phimai,15.2232,102.4947,86.92,52,70,11.88,TH,1713816262
512,eket,4.6412,7.9209,78.98,90,100,14.09,NG,1713816262
513,manicore,-5.8092,-61.3003,89.58,60,89,2.06,BR,1713816263
514,kolonia town,6.964,158.206,83.32,80,64,18.99,FM,1713816263
515,as sulayyil,20.4607,45.5779,87.28,12,0,8.93,SA,1713816263
516,pathein,16.7833,94.7333,81.37,84,39,12.57,MM,1713816264
517,celaliye,41.0519,28.4187,57.02,72,100,10.76,TR,1713816264
518,guerrero negro,27.9769,-114.0611,68.65,60,3,13.27,MX,1713816264
519,miches,18.9836,-69.0476,81.46,76,74,11.59,DO,1713816264
520,amal,59.051,12.7049,34.61,65,0,8.08,SE,1713816264
521,coahuayana de hidalgo,18.7,-103.6583,88.43,49,1,8.12,MX,1713816264
522,khilok,51.3674,110.4676,30.07,69,100,4.21,RU,1713816265
523,kindu,-2.95,25.95,76.6,78,93,2.86,CD,1713816265
524,yershov,51.3513,48.2766,63.37,71,100,5.35,RU,1713816265
525,sint michiel liber,12.15,-68.9833,80.8,83,27,17.83,CW,1713816063
526,coruripe,-10.1256,-36.1756,81.59,76,53,7.02,BR,1713816265
527,honiara,-9.4333,159.95,79.38,87,100,4.09,SB,1713816265
528,tabou,4.423,-7.3528,83.1,79,100,8.97,CI,1713816266
529,qamdo,31.1667,97.2333,34.99,61,5,1.5,CN,1713816266
530,bulawayo,-20.15,28.5833,64.72,28,0,7.07,ZW,1713816024
531,richmond,37.5538,-77.4603,61.52,26,6,6.31,US,1713816017
532,tommot,58.9564,126.2925,33.53,99,100,1.59,RU,1713816267
533,benguela,-12.5763,13.4055,80.22,84,96,3.44,AO,1713816033
534,flin flon,54.7682,-101.865,41.32,86,100,11.88,CA,1713816267
535,kovernino,57.1253,43.8142,53.47,84,100,6.42,RU,1713816267
536,san antonio de pale,-1.4014,5.6325,83.32,79,100,10.2,GQ,1713816267
537,fort-shevchenko,44.5086,50.263,60.48,77,44,16.8,KZ,1713816267
538,ca mau,9.1769,105.15,79.48,77,100,2.28,VN,1713816268
539,santiago de cao,-7.9589,-79.2392,71.96,80,98,12.06,PE,1713816268
540,longyearbyen,78.2186,15.6401,24.57,88,19,7.96,SJ,1713815983
541,bhadrachalam,17.6667,80.8833,86.97,47,0,4.94,IN,1713816268
542,lamar,33.6668,-95.5836,66.09,43,0,9.64,US,1713816268
543,zorgo,12.2489,-0.6158,98.92,24,7,6.4,BF,1713816268
544,gobabis,-22.45,18.9667,72.45,27,0,8.66,NA,1713816269
545,skeldon,5.8833,-57.1333,85.89,62,43,9.24,GY,1713816269
546,siwa oasis,29.2041,25.5195,85.19,10,100,12.24,EG,1713816269
547,al qadarif,14.0349,35.3834,91.58,12,10,13.09,SD,1713816269
548,al bayda',32.7627,21.7551,80.26,16,100,29.73,LY,1713816269
549,newman,37.3138,-121.0208,83.55,36,1,1.66,US,1713816270
550,wodonga,-36.1167,146.8833,47.61,61,0,4.07,AU,1713816270
551,at-bashi,41.1702,75.8106,49.86,80,100,2.91,KG,1713816270
552,attapeu,14.8,106.8333,78.94,60,13,2.21,LA,1713816270
553,agapovka,53.2973,59.1348,64.74,71,97,8.97,RU,1713816270
554,n'zeto,-7.2312,12.8666,78.53,93,100,7.61,AO,1713816271
555,adam,22.3756,57.5233,81.25,65,0,10.33,OM,1713816271
556,essaouira,31.5125,-9.77,65.43,77,100,20.85,MA,1713816167
557,stuarts draft,38.0301,-79.0336,55.51,41,7,4.83,US,1713816271
558,sisimiut,66.9395,-53.6735,33.76,90,97,0.87,GL,1713816271
559,rongelap,11.1635,166.8941,81.75,80,100,17.38,MH,1713816272
560,cuamba,-14.8031,36.5372,68.47,82,5,2.59,MZ,1713816272
561,airuk,7.2772,168.8203,81.82,84,45,18.92,MH,1713816272
562,east ballina,-28.8667,153.5833,69.04,77,36,10.92,AU,1713816272
563,belmar,40.1785,-74.0218,54.91,35,0,4.92,US,1713816272
564,selma,36.5708,-119.6121,83.93,39,0,3.27,US,1713816272
565,winnemucca,40.973,-117.7357,62.73,26,83,3.83,US,1713816273
566,san jose del guaviare,2.5729,-72.6459,74.25,98,100,3.85,CO,1713816273
567,chkalovsk,56.7647,43.2433,47.57,87,90,10.54,RU,1713816273
568,zahedan,29.4963,60.8629,70.74,33,93,8.16,IR,1713816273
569,prince rupert,54.3161,-130.3201,47.79,65,97,3.24,CA,1713816273
570,nyandoma,61.669,40.1991,45.23,79,100,13.11,RU,1713816274
571,vetluga,57.8557,45.781,55.0,98,100,4.27,RU,1713816274
572,sisli,41.0605,28.9872,58.64,63,100,6.35,TR,1713816274
573,naze,28.3667,129.4833,69.08,94,100,4.92,JP,1713816274
574,san luis de la loma,17.2706,-100.8939,86.85,45,0,8.55,MX,1713816274
575,bereeda,11.8704,51.0579,82.24,74,29,9.69,SO,1713816275
576,juegang,32.3174,121.1855,53.4,96,98,4.16,CN,1713816275
577,ketchikan,55.3422,-131.6461,47.01,68,100,6.51,US,1713816081
578,tateyama,34.9833,139.8667,59.59,81,69,12.44,JP,1713816275
579,grootfontein,-19.5667,18.1167,67.06,24,1,5.86,NA,1713816275
580,ar raqqah,35.95,39.0167,68.25,46,0,13.38,SY,1713816275
